{"last_full_analysis_utc": "2026-04-16T14:17:57.744678Z", "last_trigger": {"keyword_trigger": false, "macro_trigger": false, "time_trigger": true, "oil_change_pct": -1.336401805748714, "dxy_change_pct": 0.15194990710282177}}